round_epochs,val_loss,val_accuracy,loss,accuracy,activation,batch_size,dropout,epochs,first_neuron,hidden_layers,last_activation,losses,lr,optimizer,shapes
10,0.6953641773812367,0.5679172277450562,0.664178119357665,0.6278425,<function relu at 0x1370a5d90>,64,0.0,10,128,1,<function sigmoid at 0x1370a5ea0>,<function binary_crossentropy at 0x137054730>,0.2,<class 'keras.optimizers.Adam'>,funnel
10,0.7532035977535075,0.54463130235672,0.5495808653479739,0.6855241,<function relu at 0x1370a5d90>,64,0.0,10,128,1,<function sigmoid at 0x1370a5ea0>,<function binary_crossentropy at 0x137054730>,0.6000000000000001,<class 'keras.optimizers.Adam'>,funnel
10,0.7185453166474346,0.5640362501144409,0.5608466032869738,0.6699945,<function relu at 0x1370a5d90>,64,0.0,10,128,2,<function sigmoid at 0x1370a5ea0>,<function binary_crossentropy at 0x137054730>,0.2,<class 'keras.optimizers.Adam'>,funnel
10,0.7472391578851973,0.5899094343185425,0.49286637968046426,0.77481973,<function relu at 0x1370a5d90>,64,0.0,10,128,2,<function sigmoid at 0x1370a5ea0>,<function binary_crossentropy at 0x137054730>,0.6000000000000001,<class 'keras.optimizers.Adam'>,funnel
10,0.7154504108552329,0.5692108869552612,0.5914986706811457,0.5851359,<function relu at 0x1370a5d90>,64,0.0,10,256,1,<function sigmoid at 0x1370a5ea0>,<function binary_crossentropy at 0x137054730>,0.2,<class 'keras.optimizers.Adam'>,funnel
10,0.7241435626191587,0.5808538198471069,0.557796854709693,0.71491957,<function relu at 0x1370a5d90>,64,0.0,10,256,1,<function sigmoid at 0x1370a5ea0>,<function binary_crossentropy at 0x137054730>,0.6000000000000001,<class 'keras.optimizers.Adam'>,funnel
10,0.703081820791474,0.5717982053756714,0.5604190043092634,0.67997783,<function relu at 0x1370a5d90>,64,0.0,10,256,2,<function sigmoid at 0x1370a5ea0>,<function binary_crossentropy at 0x137054730>,0.2,<class 'keras.optimizers.Adam'>,funnel
10,0.7375078878304011,0.5937904119491577,0.602896081429353,0.70715475,<function relu at 0x1370a5d90>,64,0.0,10,256,2,<function sigmoid at 0x1370a5ea0>,<function binary_crossentropy at 0x137054730>,0.6000000000000001,<class 'keras.optimizers.Adam'>,funnel
25,0.7282385013390328,0.5730918645858765,0.5985906897024915,0.7199113,<function relu at 0x1370a5d90>,64,0.0,25,128,1,<function sigmoid at 0x1370a5ea0>,<function binary_crossentropy at 0x137054730>,0.2,<class 'keras.optimizers.Adam'>,funnel
25,0.9335999276011913,0.5485122799873352,0.3827716705290662,0.85246813,<function relu at 0x1370a5d90>,64,0.0,25,128,1,<function sigmoid at 0x1370a5ea0>,<function binary_crossentropy at 0x137054730>,0.6000000000000001,<class 'keras.optimizers.Adam'>,funnel
25,0.7787118665922197,0.5912030935287476,0.4309493882485515,0.8291736,<function relu at 0x1370a5d90>,64,0.0,25,128,2,<function sigmoid at 0x1370a5ea0>,<function binary_crossentropy at 0x137054730>,0.2,<class 'keras.optimizers.Adam'>,funnel
25,1.0875548940118196,0.545924961566925,0.2653177265187336,0.9611758,<function relu at 0x1370a5d90>,64,0.0,25,128,2,<function sigmoid at 0x1370a5ea0>,<function binary_crossentropy at 0x137054730>,0.6000000000000001,<class 'keras.optimizers.Adam'>,funnel
25,0.7459278599410902,0.545924961566925,0.5659805283041313,0.7831392,<function relu at 0x1370a5d90>,64,0.0,25,256,1,<function sigmoid at 0x1370a5ea0>,<function binary_crossentropy at 0x137054730>,0.2,<class 'keras.optimizers.Adam'>,funnel
25,0.9170808767439631,0.5265200734138489,0.4862360306005642,0.71935666,<function relu at 0x1370a5d90>,64,0.0,25,256,1,<function sigmoid at 0x1370a5ea0>,<function binary_crossentropy at 0x137054730>,0.6000000000000001,<class 'keras.optimizers.Adam'>,funnel
25,0.8717370455817139,0.5873221158981323,0.35924638030070166,0.8996118,<function relu at 0x1370a5d90>,64,0.0,25,256,2,<function sigmoid at 0x1370a5ea0>,<function binary_crossentropy at 0x137054730>,0.2,<class 'keras.optimizers.Adam'>,funnel
25,1.9264051639709867,0.5420439839363098,0.012066369863352012,0.9994454,<function relu at 0x1370a5d90>,64,0.0,25,256,2,<function sigmoid at 0x1370a5ea0>,<function binary_crossentropy at 0x137054730>,0.6000000000000001,<class 'keras.optimizers.Adam'>,funnel
10,0.6911323143007838,0.5692108869552612,0.6481473448867607,0.5851359,<function relu at 0x1370a5d90>,64,0.16666666666666666,10,128,1,<function sigmoid at 0x1370a5ea0>,<function binary_crossentropy at 0x137054730>,0.2,<class 'keras.optimizers.Adam'>,funnel
10,0.6944802699545531,0.5717982053756714,0.6546632376103287,0.6394897,<function relu at 0x1370a5d90>,64,0.16666666666666666,10,128,1,<function sigmoid at 0x1370a5ea0>,<function binary_crossentropy at 0x137054730>,0.6000000000000001,<class 'keras.optimizers.Adam'>,funnel
10,0.6907257518669612,0.565329909324646,0.6891184766558364,0.5901276,<function relu at 0x1370a5d90>,64,0.16666666666666666,10,128,2,<function sigmoid at 0x1370a5ea0>,<function binary_crossentropy at 0x137054730>,0.2,<class 'keras.optimizers.Adam'>,funnel
10,0.6988085614755885,0.5717982053756714,0.6250579149539247,0.60011095,<function relu at 0x1370a5d90>,64,0.16666666666666666,10,128,2,<function sigmoid at 0x1370a5ea0>,<function binary_crossentropy at 0x137054730>,0.6000000000000001,<class 'keras.optimizers.Adam'>,funnel
10,0.7055357728553466,0.5692108869552612,0.641816410731423,0.5851359,<function relu at 0x1370a5d90>,64,0.16666666666666666,10,256,1,<function sigmoid at 0x1370a5ea0>,<function binary_crossentropy at 0x137054730>,0.2,<class 'keras.optimizers.Adam'>,funnel
10,0.7499592436855854,0.5692108869552612,0.6328608650864989,0.5851359,<function relu at 0x1370a5d90>,64,0.16666666666666666,10,256,1,<function sigmoid at 0x1370a5ea0>,<function binary_crossentropy at 0x137054730>,0.6000000000000001,<class 'keras.optimizers.Adam'>,funnel
10,0.6902373602751156,0.5705045461654663,0.6884754046227491,0.5934554,<function relu at 0x1370a5d90>,64,0.16666666666666666,10,256,2,<function sigmoid at 0x1370a5ea0>,<function binary_crossentropy at 0x137054730>,0.2,<class 'keras.optimizers.Adam'>,funnel
10,0.7223789228504719,0.5717982053756714,0.594968870356555,0.6544648,<function relu at 0x1370a5d90>,64,0.16666666666666666,10,256,2,<function sigmoid at 0x1370a5ea0>,<function binary_crossentropy at 0x137054730>,0.6000000000000001,<class 'keras.optimizers.Adam'>,funnel
25,0.720840285234587,0.5692108869552612,0.6076620601642416,0.5851359,<function relu at 0x1370a5d90>,64,0.16666666666666666,25,128,1,<function sigmoid at 0x1370a5ea0>,<function binary_crossentropy at 0x137054730>,0.2,<class 'keras.optimizers.Adam'>,funnel
25,0.77033843152119,0.5420439839363098,0.5092745036531408,0.7249029,<function relu at 0x1370a5d90>,64,0.16666666666666666,25,128,1,<function sigmoid at 0x1370a5ea0>,<function binary_crossentropy at 0x137054730>,0.6000000000000001,<class 'keras.optimizers.Adam'>,funnel
25,0.7202055044038483,0.5886157751083374,0.5594116503572173,0.68774265,<function relu at 0x1370a5d90>,64,0.16666666666666666,25,128,2,<function sigmoid at 0x1370a5ea0>,<function binary_crossentropy at 0x137054730>,0.2,<class 'keras.optimizers.Adam'>,funnel
25,0.8040314371496401,0.5355756878852844,0.4969618808244641,0.7243483,<function relu at 0x1370a5d90>,64,0.16666666666666666,25,128,2,<function sigmoid at 0x1370a5ea0>,<function binary_crossentropy at 0x137054730>,0.6000000000000001,<class 'keras.optimizers.Adam'>,funnel
25,0.7469626655862371,0.5485122799873352,0.5534357825253847,0.6921797,<function relu at 0x1370a5d90>,64,0.16666666666666666,25,256,1,<function sigmoid at 0x1370a5ea0>,<function binary_crossentropy at 0x137054730>,0.2,<class 'keras.optimizers.Adam'>,funnel
25,0.7639352045423154,0.5601552128791809,0.5492948012687865,0.75707155,<function relu at 0x1370a5d90>,64,0.16666666666666666,25,256,1,<function sigmoid at 0x1370a5ea0>,<function binary_crossentropy at 0x137054730>,0.6000000000000001,<class 'keras.optimizers.Adam'>,funnel
25,0.7105607350307479,0.5730918645858765,0.6404695295652811,0.6677759,<function relu at 0x1370a5d90>,64,0.16666666666666666,25,256,2,<function sigmoid at 0x1370a5ea0>,<function binary_crossentropy at 0x137054730>,0.2,<class 'keras.optimizers.Adam'>,funnel
25,0.7254455179014613,0.5795601606369019,0.5996135562840132,0.69273436,<function relu at 0x1370a5d90>,64,0.16666666666666666,25,256,2,<function sigmoid at 0x1370a5ea0>,<function binary_crossentropy at 0x137054730>,0.6000000000000001,<class 'keras.optimizers.Adam'>,funnel
10,0.6916893232531874,0.5679172277450562,0.6882496307905158,0.5934554,<function relu at 0x1370a5d90>,64,0.3333333333333333,10,128,1,<function sigmoid at 0x1370a5ea0>,<function binary_crossentropy at 0x137054730>,0.2,<class 'keras.optimizers.Adam'>,funnel
10,0.6944207741094591,0.5692108869552612,0.6606772125130947,0.5851359,<function relu at 0x1370a5d90>,64,0.3333333333333333,10,128,1,<function sigmoid at 0x1370a5ea0>,<function binary_crossentropy at 0x137054730>,0.6000000000000001,<class 'keras.optimizers.Adam'>,funnel
10,0.6819833840929058,0.5692108869552612,0.6736352415595264,0.5851359,<function relu at 0x1370a5d90>,64,0.3333333333333333,10,128,2,<function sigmoid at 0x1370a5ea0>,<function binary_crossentropy at 0x137054730>,0.2,<class 'keras.optimizers.Adam'>,funnel
10,0.6849945336387506,0.5692108869552612,0.6827021587972699,0.5851359,<function relu at 0x1370a5d90>,64,0.3333333333333333,10,128,2,<function sigmoid at 0x1370a5ea0>,<function binary_crossentropy at 0x137054730>,0.6000000000000001,<class 'keras.optimizers.Adam'>,funnel
10,0.679599796584476,0.5692108869552612,0.6599619417671885,0.5851359,<function relu at 0x1370a5d90>,64,0.3333333333333333,10,256,1,<function sigmoid at 0x1370a5ea0>,<function binary_crossentropy at 0x137054730>,0.2,<class 'keras.optimizers.Adam'>,funnel
10,0.696504391643085,0.5536869168281555,0.6639434452593757,0.62673324,<function relu at 0x1370a5d90>,64,0.3333333333333333,10,256,1,<function sigmoid at 0x1370a5ea0>,<function binary_crossentropy at 0x137054730>,0.6000000000000001,<class 'keras.optimizers.Adam'>,funnel
10,0.6808402040951619,0.5692108869552612,0.6820679082185509,0.5873544,<function relu at 0x1370a5d90>,64,0.3333333333333333,10,256,2,<function sigmoid at 0x1370a5ea0>,<function binary_crossentropy at 0x137054730>,0.2,<class 'keras.optimizers.Adam'>,funnel
10,0.6950927201711499,0.5705045461654663,0.6830017533291728,0.5856905,<function relu at 0x1370a5d90>,64,0.3333333333333333,10,256,2,<function sigmoid at 0x1370a5ea0>,<function binary_crossentropy at 0x137054730>,0.6000000000000001,<class 'keras.optimizers.Adam'>,funnel
25,0.6882542526737376,0.5717982053756714,0.6762389657369139,0.60732114,<function relu at 0x1370a5d90>,64,0.3333333333333333,25,128,1,<function sigmoid at 0x1370a5ea0>,<function binary_crossentropy at 0x137054730>,0.2,<class 'keras.optimizers.Adam'>,funnel
25,0.7497391538817392,0.5692108869552612,0.6393267481907566,0.5851359,<function relu at 0x1370a5d90>,64,0.3333333333333333,25,128,1,<function sigmoid at 0x1370a5ea0>,<function binary_crossentropy at 0x137054730>,0.6000000000000001,<class 'keras.optimizers.Adam'>,funnel
25,0.6873893203433087,0.5692108869552612,0.6844681600233745,0.5890183,<function relu at 0x1370a5d90>,64,0.3333333333333333,25,128,2,<function sigmoid at 0x1370a5ea0>,<function binary_crossentropy at 0x137054730>,0.2,<class 'keras.optimizers.Adam'>,funnel
25,0.6843694445386741,0.5795601606369019,0.6535093160186023,0.6428175,<function relu at 0x1370a5d90>,64,0.3333333333333333,25,128,2,<function sigmoid at 0x1370a5ea0>,<function binary_crossentropy at 0x137054730>,0.6000000000000001,<class 'keras.optimizers.Adam'>,funnel
25,0.6871699531204796,0.5743855237960815,0.677025726783031,0.6100943,<function relu at 0x1370a5d90>,64,0.3333333333333333,25,256,1,<function sigmoid at 0x1370a5ea0>,<function binary_crossentropy at 0x137054730>,0.2,<class 'keras.optimizers.Adam'>,funnel
25,0.7107329645409776,0.5717982053756714,0.6553543369041439,0.62007767,<function relu at 0x1370a5d90>,64,0.3333333333333333,25,256,1,<function sigmoid at 0x1370a5ea0>,<function binary_crossentropy at 0x137054730>,0.6000000000000001,<class 'keras.optimizers.Adam'>,funnel
25,0.6812648349098216,0.5705045461654663,0.6694873711894898,0.59179145,<function relu at 0x1370a5d90>,64,0.3333333333333333,25,256,2,<function sigmoid at 0x1370a5ea0>,<function binary_crossentropy at 0x137054730>,0.2,<class 'keras.optimizers.Adam'>,funnel
25,0.7171702573092757,0.5692108869552612,0.6133532439809473,0.5851359,<function relu at 0x1370a5d90>,64,0.3333333333333333,25,256,2,<function sigmoid at 0x1370a5ea0>,<function binary_crossentropy at 0x137054730>,0.6000000000000001,<class 'keras.optimizers.Adam'>,funnel
10,0.7005782421933726,0.5692108869552612,0.6201182183000159,0.5851359,<function relu at 0x1370a5d90>,128,0.0,10,128,1,<function sigmoid at 0x1370a5ea0>,<function binary_crossentropy at 0x137054730>,0.2,<class 'keras.optimizers.Adam'>,funnel
10,0.6962665724260841,0.5640362501144409,0.6591422329065341,0.67554075,<function relu at 0x1370a5d90>,128,0.0,10,128,1,<function sigmoid at 0x1370a5ea0>,<function binary_crossentropy at 0x137054730>,0.6000000000000001,<class 'keras.optimizers.Adam'>,funnel
10,0.6930389360345196,0.5692108869552612,0.611906994367664,0.59511924,<function relu at 0x1370a5d90>,128,0.0,10,128,2,<function sigmoid at 0x1370a5ea0>,<function binary_crossentropy at 0x137054730>,0.2,<class 'keras.optimizers.Adam'>,funnel
10,0.6905722696753399,0.5666235685348511,0.6871940128616802,0.5895729,<function relu at 0x1370a5d90>,128,0.0,10,128,2,<function sigmoid at 0x1370a5ea0>,<function binary_crossentropy at 0x137054730>,0.6000000000000001,<class 'keras.optimizers.Adam'>,funnel
10,0.7364721032965538,0.5549805760383606,0.5869599203731507,0.65335554,<function relu at 0x1370a5d90>,128,0.0,10,256,1,<function sigmoid at 0x1370a5ea0>,<function binary_crossentropy at 0x137054730>,0.2,<class 'keras.optimizers.Adam'>,funnel
10,0.7288095803032563,0.5433376431465149,0.5608430864806977,0.6638935,<function relu at 0x1370a5d90>,128,0.0,10,256,1,<function sigmoid at 0x1370a5ea0>,<function binary_crossentropy at 0x137054730>,0.6000000000000001,<class 'keras.optimizers.Adam'>,funnel
10,0.7123544349553206,0.5666235685348511,0.5354532614986697,0.6666667,<function relu at 0x1370a5d90>,128,0.0,10,256,2,<function sigmoid at 0x1370a5ea0>,<function binary_crossentropy at 0x137054730>,0.2,<class 'keras.optimizers.Adam'>,funnel
10,0.8211999084477591,0.5730918645858765,0.4212905061588774,0.8430394,<function relu at 0x1370a5d90>,128,0.0,10,256,2,<function sigmoid at 0x1370a5ea0>,<function binary_crossentropy at 0x137054730>,0.6000000000000001,<class 'keras.optimizers.Adam'>,funnel
25,0.7194906146220988,0.5873221158981323,0.6317994455066709,0.6705491,<function relu at 0x1370a5d90>,128,0.0,25,128,1,<function sigmoid at 0x1370a5ea0>,<function binary_crossentropy at 0x137054730>,0.2,<class 'keras.optimizers.Adam'>,funnel
25,0.7376491650264291,0.5795601606369019,0.5723327984098454,0.75374377,<function relu at 0x1370a5d90>,128,0.0,25,128,1,<function sigmoid at 0x1370a5ea0>,<function binary_crossentropy at 0x137054730>,0.6000000000000001,<class 'keras.optimizers.Adam'>,funnel
25,0.7331677563440291,0.5407503247261047,0.6035224606576921,0.7382141,<function relu at 0x1370a5d90>,128,0.0,25,128,2,<function sigmoid at 0x1370a5ea0>,<function binary_crossentropy at 0x137054730>,0.2,<class 'keras.optimizers.Adam'>,funnel
25,0.9104176045697843,0.5562742352485657,0.3429848628611414,0.91403216,<function relu at 0x1370a5d90>,128,0.0,25,128,2,<function sigmoid at 0x1370a5ea0>,<function binary_crossentropy at 0x137054730>,0.6000000000000001,<class 'keras.optimizers.Adam'>,funnel
25,0.7300861095395156,0.5536869168281555,0.6221788276650148,0.7099279,<function relu at 0x1370a5d90>,128,0.0,25,256,1,<function sigmoid at 0x1370a5ea0>,<function binary_crossentropy at 0x137054730>,0.2,<class 'keras.optimizers.Adam'>,funnel
25,0.8593207320142995,0.5394566655158997,0.44814105372394514,0.7770383,<function relu at 0x1370a5d90>,128,0.0,25,256,1,<function sigmoid at 0x1370a5ea0>,<function binary_crossentropy at 0x137054730>,0.6000000000000001,<class 'keras.optimizers.Adam'>,funnel
25,0.8212494766881827,0.5640362501144409,0.32423276456276445,0.8896284,<function relu at 0x1370a5d90>,128,0.0,25,256,2,<function sigmoid at 0x1370a5ea0>,<function binary_crossentropy at 0x137054730>,0.2,<class 'keras.optimizers.Adam'>,funnel
25,1.021697537248224,0.5549805760383606,0.31086790308777784,0.9395452,<function relu at 0x1370a5d90>,128,0.0,25,256,2,<function sigmoid at 0x1370a5ea0>,<function binary_crossentropy at 0x137054730>,0.6000000000000001,<class 'keras.optimizers.Adam'>,funnel
10,0.6940025378013799,0.5692108869552612,0.6666258390056908,0.5851359,<function relu at 0x1370a5d90>,128,0.16666666666666666,10,128,1,<function sigmoid at 0x1370a5ea0>,<function binary_crossentropy at 0x137054730>,0.2,<class 'keras.optimizers.Adam'>,funnel
10,0.7233941816420019,0.5692108869552612,0.6254223397355971,0.5851359,<function relu at 0x1370a5d90>,128,0.16666666666666666,10,128,1,<function sigmoid at 0x1370a5ea0>,<function binary_crossentropy at 0x137054730>,0.6000000000000001,<class 'keras.optimizers.Adam'>,funnel
10,0.6907121838295752,0.5795601606369019,0.6861317943878724,0.608985,<function relu at 0x1370a5d90>,128,0.16666666666666666,10,128,2,<function sigmoid at 0x1370a5ea0>,<function binary_crossentropy at 0x137054730>,0.2,<class 'keras.optimizers.Adam'>,funnel
10,0.6904393560981997,0.5692108869552612,0.6383086424765161,0.5851359,<function relu at 0x1370a5d90>,128,0.16666666666666666,10,128,2,<function sigmoid at 0x1370a5ea0>,<function binary_crossentropy at 0x137054730>,0.6000000000000001,<class 'keras.optimizers.Adam'>,funnel
10,0.6908792548006905,0.5717982053756714,0.6879101913965747,0.6139767,<function relu at 0x1370a5d90>,128,0.16666666666666666,10,256,1,<function sigmoid at 0x1370a5ea0>,<function binary_crossentropy at 0x137054730>,0.2,<class 'keras.optimizers.Adam'>,funnel
10,0.7015252377823439,0.5808538198471069,0.6712444032554288,0.62007767,<function relu at 0x1370a5d90>,128,0.16666666666666666,10,256,1,<function sigmoid at 0x1370a5ea0>,<function binary_crossentropy at 0x137054730>,0.6000000000000001,<class 'keras.optimizers.Adam'>,funnel
10,0.6887080544487779,0.5692108869552612,0.65098106543752,0.5851359,<function relu at 0x1370a5d90>,128,0.16666666666666666,10,256,2,<function sigmoid at 0x1370a5ea0>,<function binary_crossentropy at 0x137054730>,0.2,<class 'keras.optimizers.Adam'>,funnel
10,0.6982361400574638,0.5743855237960815,0.6207772206083246,0.5890183,<function relu at 0x1370a5d90>,128,0.16666666666666666,10,256,2,<function sigmoid at 0x1370a5ea0>,<function binary_crossentropy at 0x137054730>,0.6000000000000001,<class 'keras.optimizers.Adam'>,funnel
25,0.7031938001070109,0.5692108869552612,0.6170379727070555,0.5851359,<function relu at 0x1370a5d90>,128,0.16666666666666666,25,128,1,<function sigmoid at 0x1370a5ea0>,<function binary_crossentropy at 0x137054730>,0.2,<class 'keras.optimizers.Adam'>,funnel
25,0.7264838221002211,0.5743855237960815,0.6329785286223167,0.6622296,<function relu at 0x1370a5d90>,128,0.16666666666666666,25,128,1,<function sigmoid at 0x1370a5ea0>,<function binary_crossentropy at 0x137054730>,0.6000000000000001,<class 'keras.optimizers.Adam'>,funnel
25,0.6970563958101408,0.5679172277450562,0.6407564557795384,0.59401,<function relu at 0x1370a5d90>,128,0.16666666666666666,25,128,2,<function sigmoid at 0x1370a5ea0>,<function binary_crossentropy at 0x137054730>,0.2,<class 'keras.optimizers.Adam'>,funnel
25,0.7349032120439398,0.5575678944587708,0.556804338033108,0.70382696,<function relu at 0x1370a5d90>,128,0.16666666666666666,25,128,2,<function sigmoid at 0x1370a5ea0>,<function binary_crossentropy at 0x137054730>,0.6000000000000001,<class 'keras.optimizers.Adam'>,funnel
25,0.7282756057316088,0.5549805760383606,0.6575370829302406,0.6483638,<function relu at 0x1370a5d90>,128,0.16666666666666666,25,256,1,<function sigmoid at 0x1370a5ea0>,<function binary_crossentropy at 0x137054730>,0.2,<class 'keras.optimizers.Adam'>,funnel
25,0.7144372022938451,0.5549805760383606,0.6557339480765582,0.6283971,<function relu at 0x1370a5d90>,128,0.16666666666666666,25,256,1,<function sigmoid at 0x1370a5ea0>,<function binary_crossentropy at 0x137054730>,0.6000000000000001,<class 'keras.optimizers.Adam'>,funnel
25,0.7179346953604231,0.5743855237960815,0.5936809002328303,0.62007767,<function relu at 0x1370a5d90>,128,0.16666666666666666,25,256,2,<function sigmoid at 0x1370a5ea0>,<function binary_crossentropy at 0x137054730>,0.2,<class 'keras.optimizers.Adam'>,funnel
25,0.7848259642392512,0.54463130235672,0.5002496914604407,0.7454243,<function relu at 0x1370a5d90>,128,0.16666666666666666,25,256,2,<function sigmoid at 0x1370a5ea0>,<function binary_crossentropy at 0x137054730>,0.6000000000000001,<class 'keras.optimizers.Adam'>,funnel
10,0.6796078390476774,0.5692108869552612,0.6762163844362472,0.5851359,<function relu at 0x1370a5d90>,128,0.3333333333333333,10,128,1,<function sigmoid at 0x1370a5ea0>,<function binary_crossentropy at 0x137054730>,0.2,<class 'keras.optimizers.Adam'>,funnel
10,0.7049653045110221,0.5692108869552612,0.6793575738445626,0.5851359,<function relu at 0x1370a5d90>,128,0.3333333333333333,10,128,1,<function sigmoid at 0x1370a5ea0>,<function binary_crossentropy at 0x137054730>,0.6000000000000001,<class 'keras.optimizers.Adam'>,funnel
10,0.6892980713431,0.5679172277450562,0.6892315251458306,0.5745979,<function relu at 0x1370a5d90>,128,0.3333333333333333,10,128,2,<function sigmoid at 0x1370a5ea0>,<function binary_crossentropy at 0x137054730>,0.2,<class 'keras.optimizers.Adam'>,funnel
10,0.6902926706866799,0.5692108869552612,0.6842215555744309,0.58790904,<function relu at 0x1370a5d90>,128,0.3333333333333333,10,128,2,<function sigmoid at 0x1370a5ea0>,<function binary_crossentropy at 0x137054730>,0.6000000000000001,<class 'keras.optimizers.Adam'>,funnel
10,0.6921714340730596,0.5627425909042358,0.6878342700216152,0.6017748,<function relu at 0x1370a5d90>,128,0.3333333333333333,10,256,1,<function sigmoid at 0x1370a5ea0>,<function binary_crossentropy at 0x137054730>,0.2,<class 'keras.optimizers.Adam'>,funnel
10,0.6829554527265442,0.5692108869552612,0.668903879866756,0.5851359,<function relu at 0x1370a5d90>,128,0.3333333333333333,10,256,1,<function sigmoid at 0x1370a5ea0>,<function binary_crossentropy at 0x137054730>,0.6000000000000001,<class 'keras.optimizers.Adam'>,funnel
10,0.6863368006295405,0.5692108869552612,0.6785699828955046,0.5851359,<function relu at 0x1370a5d90>,128,0.3333333333333333,10,256,2,<function sigmoid at 0x1370a5ea0>,<function binary_crossentropy at 0x137054730>,0.2,<class 'keras.optimizers.Adam'>,funnel
10,0.6891370751108266,0.5692108869552612,0.688378376790172,0.58458126,<function relu at 0x1370a5d90>,128,0.3333333333333333,10,256,2,<function sigmoid at 0x1370a5ea0>,<function binary_crossentropy at 0x137054730>,0.6000000000000001,<class 'keras.optimizers.Adam'>,funnel
25,0.6957647109556013,0.5692108869552612,0.6630790635604562,0.5851359,<function relu at 0x1370a5d90>,128,0.3333333333333333,25,128,1,<function sigmoid at 0x1370a5ea0>,<function binary_crossentropy at 0x137054730>,0.2,<class 'keras.optimizers.Adam'>,funnel
25,0.6967599038010581,0.5627425909042358,0.6597611237352449,0.63394344,<function relu at 0x1370a5d90>,128,0.3333333333333333,25,128,1,<function sigmoid at 0x1370a5ea0>,<function binary_crossentropy at 0x137054730>,0.6000000000000001,<class 'keras.optimizers.Adam'>,funnel
25,0.6887758798309316,0.5692108869552612,0.6828868881041515,0.5890183,<function relu at 0x1370a5d90>,128,0.3333333333333333,25,128,2,<function sigmoid at 0x1370a5ea0>,<function binary_crossentropy at 0x137054730>,0.2,<class 'keras.optimizers.Adam'>,funnel
25,0.6921170044685552,0.5640362501144409,0.670389663260709,0.6228508,<function relu at 0x1370a5d90>,128,0.3333333333333333,25,128,2,<function sigmoid at 0x1370a5ea0>,<function binary_crossentropy at 0x137054730>,0.6000000000000001,<class 'keras.optimizers.Adam'>,funnel
25,0.6906343432478269,0.5679172277450562,0.6855254176915254,0.59567386,<function relu at 0x1370a5d90>,128,0.3333333333333333,25,256,1,<function sigmoid at 0x1370a5ea0>,<function binary_crossentropy at 0x137054730>,0.2,<class 'keras.optimizers.Adam'>,funnel
25,0.7126353824894301,0.5692108869552612,0.6185956045249669,0.5851359,<function relu at 0x1370a5d90>,128,0.3333333333333333,25,256,1,<function sigmoid at 0x1370a5ea0>,<function binary_crossentropy at 0x137054730>,0.6000000000000001,<class 'keras.optimizers.Adam'>,funnel
25,0.6896355764369299,0.5756791830062866,0.6862380755522882,0.59678316,<function relu at 0x1370a5d90>,128,0.3333333333333333,25,256,2,<function sigmoid at 0x1370a5ea0>,<function binary_crossentropy at 0x137054730>,0.2,<class 'keras.optimizers.Adam'>,funnel
25,0.7018494044670313,0.5692108869552612,0.6334228352646132,0.5851359,<function relu at 0x1370a5d90>,128,0.3333333333333333,25,256,2,<function sigmoid at 0x1370a5ea0>,<function binary_crossentropy at 0x137054730>,0.6000000000000001,<class 'keras.optimizers.Adam'>,funnel
10,0.7126825511995293,0.4902975559234619,0.6461564725925045,0.551858,<function relu at 0x1370a5d90>,256,0.0,10,128,1,<function sigmoid at 0x1370a5ea0>,<function binary_crossentropy at 0x137054730>,0.2,<class 'keras.optimizers.Adam'>,funnel
10,0.7137583360789201,0.5705045461654663,0.6652209071139792,0.6245147,<function relu at 0x1370a5d90>,256,0.0,10,128,1,<function sigmoid at 0x1370a5ea0>,<function binary_crossentropy at 0x137054730>,0.6000000000000001,<class 'keras.optimizers.Adam'>,funnel
10,0.6945494720266522,0.5627425909042358,0.6163667418595756,0.64559066,<function relu at 0x1370a5d90>,256,0.0,10,128,2,<function sigmoid at 0x1370a5ea0>,<function binary_crossentropy at 0x137054730>,0.2,<class 'keras.optimizers.Adam'>,funnel
10,0.706872626618611,0.5562742352485657,0.5907823914497744,0.6472546,<function relu at 0x1370a5d90>,256,0.0,10,128,2,<function sigmoid at 0x1370a5ea0>,<function binary_crossentropy at 0x137054730>,0.6000000000000001,<class 'keras.optimizers.Adam'>,funnel
10,0.7119740156738755,0.5692108869552612,0.6245235975292479,0.5851359,<function relu at 0x1370a5d90>,256,0.0,10,256,1,<function sigmoid at 0x1370a5ea0>,<function binary_crossentropy at 0x137054730>,0.2,<class 'keras.optimizers.Adam'>,funnel
10,0.7240123694032469,0.565329909324646,0.6585094502285594,0.619523,<function relu at 0x1370a5d90>,256,0.0,10,256,1,<function sigmoid at 0x1370a5ea0>,<function binary_crossentropy at 0x137054730>,0.6000000000000001,<class 'keras.optimizers.Adam'>,funnel
10,0.6981659850050221,0.5679172277450562,0.6794499878875427,0.6117582,<function relu at 0x1370a5d90>,256,0.0,10,256,2,<function sigmoid at 0x1370a5ea0>,<function binary_crossentropy at 0x137054730>,0.2,<class 'keras.optimizers.Adam'>,funnel
10,0.7420908502588606,0.5601552128791809,0.5302354265634576,0.6633389,<function relu at 0x1370a5d90>,256,0.0,10,256,2,<function sigmoid at 0x1370a5ea0>,<function binary_crossentropy at 0x137054730>,0.6000000000000001,<class 'keras.optimizers.Adam'>,funnel
25,0.7102529920859294,0.5692108869552612,0.6054478175628205,0.5851359,<function relu at 0x1370a5d90>,256,0.0,25,128,1,<function sigmoid at 0x1370a5ea0>,<function binary_crossentropy at 0x137054730>,0.2,<class 'keras.optimizers.Adam'>,funnel
25,0.7879374778286143,0.5692108869552612,0.5746442150289458,0.5851359,<function relu at 0x1370a5d90>,256,0.0,25,128,1,<function sigmoid at 0x1370a5ea0>,<function binary_crossentropy at 0x137054730>,0.6000000000000001,<class 'keras.optimizers.Adam'>,funnel
25,0.7194364160337855,0.5782665014266968,0.5694563305516807,0.69994456,<function relu at 0x1370a5d90>,256,0.0,25,128,2,<function sigmoid at 0x1370a5ea0>,<function binary_crossentropy at 0x137054730>,0.2,<class 'keras.optimizers.Adam'>,funnel
25,0.8297442907195196,0.5679172277450562,0.47275488621581613,0.7687188,<function relu at 0x1370a5d90>,256,0.0,25,128,2,<function sigmoid at 0x1370a5ea0>,<function binary_crossentropy at 0x137054730>,0.6000000000000001,<class 'keras.optimizers.Adam'>,funnel
25,0.7376759912033131,0.5601552128791809,0.6350100554496926,0.6705491,<function relu at 0x1370a5d90>,256,0.0,25,256,1,<function sigmoid at 0x1370a5ea0>,<function binary_crossentropy at 0x137054730>,0.2,<class 'keras.optimizers.Adam'>,funnel
25,0.7383102035152341,0.5769728422164917,0.5232497039630687,0.68053246,<function relu at 0x1370a5d90>,256,0.0,25,256,1,<function sigmoid at 0x1370a5ea0>,<function binary_crossentropy at 0x137054730>,0.6000000000000001,<class 'keras.optimizers.Adam'>,funnel
25,0.7343407469918471,0.5860284566879272,0.4330273124983889,0.82473654,<function relu at 0x1370a5d90>,256,0.0,25,256,2,<function sigmoid at 0x1370a5ea0>,<function binary_crossentropy at 0x137054730>,0.2,<class 'keras.optimizers.Adam'>,funnel
25,0.8494203119968844,0.5640362501144409,0.45394807571314866,0.8241819,<function relu at 0x1370a5d90>,256,0.0,25,256,2,<function sigmoid at 0x1370a5ea0>,<function binary_crossentropy at 0x137054730>,0.6000000000000001,<class 'keras.optimizers.Adam'>,funnel
10,0.6899880676651988,0.5756791830062866,0.6875632201309543,0.60288405,<function relu at 0x1370a5d90>,256,0.16666666666666666,10,128,1,<function sigmoid at 0x1370a5ea0>,<function binary_crossentropy at 0x137054730>,0.2,<class 'keras.optimizers.Adam'>,funnel
10,0.6901875426667474,0.5692108869552612,0.6438239292508684,0.5851359,<function relu at 0x1370a5d90>,256,0.16666666666666666,10,128,1,<function sigmoid at 0x1370a5ea0>,<function binary_crossentropy at 0x137054730>,0.6000000000000001,<class 'keras.optimizers.Adam'>,funnel
10,0.6820153793727287,0.5717982053756714,0.6752859086244555,0.5890183,<function relu at 0x1370a5d90>,256,0.16666666666666666,10,128,2,<function sigmoid at 0x1370a5ea0>,<function binary_crossentropy at 0x137054730>,0.2,<class 'keras.optimizers.Adam'>,funnel
10,0.6889014999740029,0.5730918645858765,0.65283084725646,0.60232943,<function relu at 0x1370a5d90>,256,0.16666666666666666,10,128,2,<function sigmoid at 0x1370a5ea0>,<function binary_crossentropy at 0x137054730>,0.6000000000000001,<class 'keras.optimizers.Adam'>,funnel
10,0.6998250863067854,0.5562742352485657,0.6851585824755385,0.6178591,<function relu at 0x1370a5d90>,256,0.16666666666666666,10,256,1,<function sigmoid at 0x1370a5ea0>,<function binary_crossentropy at 0x137054730>,0.2,<class 'keras.optimizers.Adam'>,funnel
10,0.7202372443012864,0.5743855237960815,0.6757326375691016,0.6228508,<function relu at 0x1370a5d90>,256,0.16666666666666666,10,256,1,<function sigmoid at 0x1370a5ea0>,<function binary_crossentropy at 0x137054730>,0.6000000000000001,<class 'keras.optimizers.Adam'>,funnel
10,0.6895843686446798,0.5692108869552612,0.6615116635561651,0.5851359,<function relu at 0x1370a5d90>,256,0.16666666666666666,10,256,2,<function sigmoid at 0x1370a5ea0>,<function binary_crossentropy at 0x137054730>,0.2,<class 'keras.optimizers.Adam'>,funnel
10,0.6961337735859574,0.5963777303695679,0.6789273640478709,0.6245147,<function relu at 0x1370a5d90>,256,0.16666666666666666,10,256,2,<function sigmoid at 0x1370a5ea0>,<function binary_crossentropy at 0x137054730>,0.6000000000000001,<class 'keras.optimizers.Adam'>,funnel
25,0.7376073907294526,0.5692108869552612,0.6531997820072153,0.5851359,<function relu at 0x1370a5d90>,256,0.16666666666666666,25,128,1,<function sigmoid at 0x1370a5ea0>,<function binary_crossentropy at 0x137054730>,0.2,<class 'keras.optimizers.Adam'>,funnel
25,0.7252050096899233,0.5692108869552612,0.6040725427670937,0.5851359,<function relu at 0x1370a5d90>,256,0.16666666666666666,25,128,1,<function sigmoid at 0x1370a5ea0>,<function binary_crossentropy at 0x137054730>,0.6000000000000001,<class 'keras.optimizers.Adam'>,funnel
25,0.6907446714453062,0.5666235685348511,0.6548875991463727,0.5934554,<function relu at 0x1370a5d90>,256,0.16666666666666666,25,128,2,<function sigmoid at 0x1370a5ea0>,<function binary_crossentropy at 0x137054730>,0.2,<class 'keras.optimizers.Adam'>,funnel
25,0.7053847306758589,0.5692108869552612,0.6342305151608277,0.5851359,<function relu at 0x1370a5d90>,256,0.16666666666666666,25,128,2,<function sigmoid at 0x1370a5ea0>,<function binary_crossentropy at 0x137054730>,0.6000000000000001,<class 'keras.optimizers.Adam'>,funnel
25,0.693571149223372,0.5730918645858765,0.6741396917016785,0.6317249,<function relu at 0x1370a5d90>,256,0.16666666666666666,25,256,1,<function sigmoid at 0x1370a5ea0>,<function binary_crossentropy at 0x137054730>,0.2,<class 'keras.optimizers.Adam'>,funnel
25,0.7488110309122142,0.5692108869552612,0.6098695929950961,0.5851359,<function relu at 0x1370a5d90>,256,0.16666666666666666,25,256,1,<function sigmoid at 0x1370a5ea0>,<function binary_crossentropy at 0x137054730>,0.6000000000000001,<class 'keras.optimizers.Adam'>,funnel
25,0.7020025186211758,0.582147479057312,0.6831131675345198,0.6161952,<function relu at 0x1370a5d90>,256,0.16666666666666666,25,256,2,<function sigmoid at 0x1370a5ea0>,<function binary_crossentropy at 0x137054730>,0.2,<class 'keras.optimizers.Adam'>,funnel
25,0.7425979366586248,0.5588615536689758,0.5402048705884369,0.6855241,<function relu at 0x1370a5d90>,256,0.16666666666666666,25,256,2,<function sigmoid at 0x1370a5ea0>,<function binary_crossentropy at 0x137054730>,0.6000000000000001,<class 'keras.optimizers.Adam'>,funnel
10,0.693626633359729,0.5640362501144409,0.7074256301984083,0.5696062,<function relu at 0x1370a5d90>,256,0.3333333333333333,10,128,1,<function sigmoid at 0x1370a5ea0>,<function binary_crossentropy at 0x137054730>,0.2,<class 'keras.optimizers.Adam'>,funnel
10,0.6914703020148876,0.5679172277450562,0.688578388754421,0.5895729,<function relu at 0x1370a5d90>,256,0.3333333333333333,10,128,1,<function sigmoid at 0x1370a5ea0>,<function binary_crossentropy at 0x137054730>,0.6000000000000001,<class 'keras.optimizers.Adam'>,funnel
10,0.6915788315863073,0.5705045461654663,0.6859751752661918,0.5823627,<function relu at 0x1370a5d90>,256,0.3333333333333333,10,128,2,<function sigmoid at 0x1370a5ea0>,<function binary_crossentropy at 0x137054730>,0.2,<class 'keras.optimizers.Adam'>,funnel
10,0.6907994677764479,0.5705045461654663,0.690953789356346,0.5906822,<function relu at 0x1370a5d90>,256,0.3333333333333333,10,128,2,<function sigmoid at 0x1370a5ea0>,<function binary_crossentropy at 0x137054730>,0.6000000000000001,<class 'keras.optimizers.Adam'>,funnel
10,0.6919111149894004,0.5782665014266968,0.6900901316736913,0.5901276,<function relu at 0x1370a5d90>,256,0.3333333333333333,10,256,1,<function sigmoid at 0x1370a5ea0>,<function binary_crossentropy at 0x137054730>,0.2,<class 'keras.optimizers.Adam'>,funnel
10,0.6933242149679966,0.565329909324646,0.6911858900083943,0.5945646,<function relu at 0x1370a5d90>,256,0.3333333333333333,10,256,1,<function sigmoid at 0x1370a5ea0>,<function binary_crossentropy at 0x137054730>,0.6000000000000001,<class 'keras.optimizers.Adam'>,funnel
10,0.6926279123511074,0.5705045461654663,0.6996468462285503,0.5906822,<function relu at 0x1370a5d90>,256,0.3333333333333333,10,256,2,<function sigmoid at 0x1370a5ea0>,<function binary_crossentropy at 0x137054730>,0.2,<class 'keras.optimizers.Adam'>,funnel
10,0.681369317842486,0.5705045461654663,0.6695472619894539,0.58790904,<function relu at 0x1370a5d90>,256,0.3333333333333333,10,256,2,<function sigmoid at 0x1370a5ea0>,<function binary_crossentropy at 0x137054730>,0.6000000000000001,<class 'keras.optimizers.Adam'>,funnel
25,0.6898653992243294,0.5769728422164917,0.6893292597380865,0.5901276,<function relu at 0x1370a5d90>,256,0.3333333333333333,25,128,1,<function sigmoid at 0x1370a5ea0>,<function binary_crossentropy at 0x137054730>,0.2,<class 'keras.optimizers.Adam'>,funnel
25,0.6906490419999748,0.5692108869552612,0.6649079430255371,0.5851359,<function relu at 0x1370a5d90>,256,0.3333333333333333,25,128,1,<function sigmoid at 0x1370a5ea0>,<function binary_crossentropy at 0x137054730>,0.6000000000000001,<class 'keras.optimizers.Adam'>,funnel
25,0.6912793704485677,0.5692108869552612,0.6908420835742008,0.5895729,<function relu at 0x1370a5d90>,256,0.3333333333333333,25,128,2,<function sigmoid at 0x1370a5ea0>,<function binary_crossentropy at 0x137054730>,0.2,<class 'keras.optimizers.Adam'>,funnel
25,0.6847060681314703,0.5692108869552612,0.6666267759854173,0.5867998,<function relu at 0x1370a5d90>,256,0.3333333333333333,25,128,2,<function sigmoid at 0x1370a5ea0>,<function binary_crossentropy at 0x137054730>,0.6000000000000001,<class 'keras.optimizers.Adam'>,funnel
25,0.6864452248711481,0.5692108869552612,0.6591309988359841,0.5851359,<function relu at 0x1370a5d90>,256,0.3333333333333333,25,256,1,<function sigmoid at 0x1370a5ea0>,<function binary_crossentropy at 0x137054730>,0.2,<class 'keras.optimizers.Adam'>,funnel
25,0.7245657974504716,0.5692108869552612,0.6474687005504264,0.5851359,<function relu at 0x1370a5d90>,256,0.3333333333333333,25,256,1,<function sigmoid at 0x1370a5ea0>,<function binary_crossentropy at 0x137054730>,0.6000000000000001,<class 'keras.optimizers.Adam'>,funnel
25,0.6882800329548884,0.5692108869552612,0.6807923863414124,0.5862451,<function relu at 0x1370a5d90>,256,0.3333333333333333,25,256,2,<function sigmoid at 0x1370a5ea0>,<function binary_crossentropy at 0x137054730>,0.2,<class 'keras.optimizers.Adam'>,funnel
25,0.6879945745135032,0.5692108869552612,0.6865846028740513,0.5862451,<function relu at 0x1370a5d90>,256,0.3333333333333333,25,256,2,<function sigmoid at 0x1370a5ea0>,<function binary_crossentropy at 0x137054730>,0.6000000000000001,<class 'keras.optimizers.Adam'>,funnel
